#{"t_start": 1759396944.6949935, "env_id": "seals/MountainCar-v0"}
r,l,t
-200.0,200,0.460688
-200.0,200,1.338413
-200.0,200,2.204517
-200.0,200,2.453618
-200.0,200,2.697451
-200.0,200,2.939744
-200.0,200,3.182957
-200.0,200,3.42327
-200.0,200,3.668643
