#{"t_start": 1759396944.6784537, "env_id": "seals/MountainCar-v0"}
r,l,t
-200.0,200,0.477244
-200.0,200,1.354942
-200.0,200,2.221062
-200.0,200,2.470148
-200.0,200,2.713977
-200.0,200,2.956303
-200.0,200,3.199496
-200.0,200,3.439813
-200.0,200,3.685217
