#{"t_start": 1759396944.7672257, "env_id": "seals/MountainCar-v0"}
r,l,t
-200.0,200,0.388478
-200.0,200,1.26618
-200.0,200,2.132305
-200.0,200,2.381381
-200.0,200,2.625214
-200.0,200,2.867527
-200.0,200,3.110751
-200.0,200,3.35105
-200.0,200,3.596415
