#{"t_start": 1759396944.7730532, "env_id": "seals/MountainCar-v0"}
r,l,t
-200.0,200,0.382605
-200.0,200,1.2603
-200.0,200,2.126441
-200.0,200,2.375527
-200.0,200,2.619339
-200.0,200,2.861666
-200.0,200,3.104871
-200.0,200,3.34518
-200.0,200,3.590548
