#{"t_start": 1759397004.4477484, "env_id": "seals/MountainCar-v0"}
r,l,t
-200.0,200,0.412637
-200.0,200,1.272355
-200.0,200,2.153151
-200.0,200,2.40398
-200.0,200,2.663921
-200.0,200,2.940695
-200.0,200,3.196134
-200.0,200,3.45615
-200.0,200,3.716906
