#{"t_start": 1759397004.2245398, "env_id": "seals/MountainCar-v0"}
r,l,t
-200.0,200,0.635862
-200.0,200,1.495561
-200.0,200,2.376348
-200.0,200,2.627202
-200.0,200,2.88713
-200.0,200,3.163915
-200.0,200,3.419354
-200.0,200,3.679365
-200.0,200,3.940154
