#{"t_start": 1759397004.404636, "env_id": "seals/MountainCar-v0"}
r,l,t
-200.0,200,0.455784
-200.0,200,1.315489
-200.0,200,2.196272
-200.0,200,2.447135
-200.0,200,2.707062
-200.0,200,2.983826
-200.0,200,3.239282
-200.0,200,3.499295
-200.0,200,3.760063
