#{"t_start": 1759397004.4340029, "env_id": "seals/MountainCar-v0"}
r,l,t
-200.0,200,0.426374
-200.0,200,1.286082
-200.0,200,2.166874
-200.0,200,2.417726
-200.0,200,2.677644
-200.0,200,2.954436
-200.0,200,3.209864
-200.0,200,3.469887
-200.0,200,3.730648
