#{"t_start": 1759397004.4523535, "env_id": "seals/MountainCar-v0"}
r,l,t
-200.0,200,0.408014
-200.0,200,1.267724
-200.0,200,2.148553
-200.0,200,2.399357
-200.0,200,2.65929
-200.0,200,2.936077
-200.0,200,3.191511
-200.0,200,3.451528
-200.0,200,3.712286
