#{"t_start": 1759397004.5172062, "env_id": "seals/MountainCar-v0"}
r,l,t
-200.0,200,0.343206
-200.0,200,1.202899
-200.0,200,2.083695
-200.0,200,2.334572
-200.0,200,2.594483
-200.0,200,2.871265
-200.0,200,3.126696
-200.0,200,3.386719
-200.0,200,3.647467
